{
  "components_for_90_percent_variance": 63,
  "components_for_95_percent_variance": 102,
  "pc1_variance": 0.5078117229128634,
  "pc2_variance": 0.06580680266812829
}